id,full_name,email,phone,address,signup_date,name,gender,age
1,Kara Kim,kara.kim1924@yahoo.com,8046817662,"8971 Pine Ave, Greenville, TX 76366",2022-03-13,Elena,Female,60
7, Robert Mendoza ,robert.mendoza4800@mail.com,8999662474,"9463 Pine Ave, Springfield, NY 56086",2021-02-14,Carlos,Male,60
8,Unknown,jocelyn.gonzalez2832@aol.com,6364569660,"8527 Maple Dr, Apt 36, Georgetown, TX 33157",2023-11-05,Bob,Female,40
9,Erin Young,erin.young0057@aol.com,7056589746," 1475 Lakeview Dr, Springfield, IL 13494 ",2023-03-20,Hannah,Female,44
14,Dave Stewart,dave.stewart4181@hotmail.com,7485572589,"5469 Oak St, Apt 87, Clinton, IL 77226",2020-10-06,Carlos,Male,61
22, Liam Robinson ,liam.robinson5944@gmail.com,5949442542,"756 Sunset Blvd, Arlington, CA 53286",2022-01-24,Hannah,Male,23
37,Connor Foster,unknown_37@domain.com,3674661309,Unknown Address,2021-04-16,Carlos,Male,30
45,Unknown,walter.stewart6755@protonmail.com,4276439282,"9376 Hillcrest Ave, Greenville, IL 92674",2020-05-22,Hannah,Female,23
49,Quentin Campbell,quentin.campbell6665@gmail.com,8473847540,"9419 Elm St, Clinton, IL 06659",2021-06-22,Elena,Female,29
50,Erin Sanchez,erin.sanchez7744@outlook.com,3276232524,Unknown Address,2021-03-02,Hannah,Male,56
51,Uma Harris,unknown_51@domain.com,3738836608," 5559 Sunset Blvd, Greenville, IL 98040 ",2020-03-05,Hannah,Female,35
64, John Brown ,john.brown6727@protonmail.com,8167341252,"1458 Washington Blvd, Riverside, NY 98303",2021-08-25,Diana,Female,31
66,Unknown,charlie.brown0553@yahoo.com,7388551674,"9192 Maple Dr, Apt 31, Greenville, TX 29909",2022-12-22,Diana,Female,35
75, Nina Reed ,nina.reed5820@hotmail.com,3408274579,"6382 Hillcrest Ave, Springfield, NY 82263",2023-10-16,Hannah,Female,39
82,Liam Moore,liam.moore9528@aol.com,6066222041," 9954 Washington Blvd, Apt 94, Riverside, NY 61287 ",2023-06-12,Frank,Male,22
83,Noah Cox,noah.cox8920@protonmail.com,7723387470,"842 Pine Ave, Fairview, FL 85147",2022-09-17,Hannah,Male,46
85,Unknown,quinn.nelson5966@yahoo.com,5083628727,"6876 Sunset Blvd, Apt 37, Greenville, CA 55871",2023-06-24,Alice,Female,30
91,Holly Flores,unknown_91@domain.com,2623607950," 2648 Hillcrest Ave, Apt 50, Greenville, FL 37415 ",2022-04-19,George,Female,38
93, Gloria Morris ,gloria.morris3406@protonmail.com,6475958125,"4814 Main St, Arlington, NY 79620",2021-03-11,Alice,Female,56
95, Yuri Reed ,yuri.reed1814@gmail.com,6522496501,"8719 Elm St, Franklin, IL 24204",2022-12-05,Alice,Female,54
102, Delilah Patel ,delilah.patel3431@gmail.com,5135027451," 4535 Main St, Apt 26, Arlington, NY 24754 ",2023-09-07,Bob,Female,30
105,Ulysses Adams,ulysses.adams9878@protonmail.com,9809206199,"1946 Oak St, Centerville, FL 44198",2021-08-29,George,Female,55
111, Amber King ,amber.king2411@gmail.com,3246654961," 4612 Hillcrest Ave, Greenville, IL 22770 ",2022-07-09,Carlos,Male,61
113, Zach Nguyen ,zach.nguyen1419@hotmail.com,8933011309,"7932 Sunset Blvd, Georgetown, FL 22516",2023-12-28,George,Female,48
114, Tina Reed ,tina.reed7360@gmail.com,6608896216,"3210 Sunset Blvd, Apt 60, Franklin, FL 99169",2020-07-24,George,Female,56
116,Jack Brown,jack.brown0531@mail.com,2054827687,"6605 Main St, Franklin, IL 72383",2021-09-14,Diana,Female,100
117,Noah Alvarez,noah.alvarez9404@gmail.com,6086835420,"6454 Lakeview Dr, Centerville, TX 07208",2021-01-07,Bob,Male,58
122,Queen Castillo,queen.castillo8359@aol.com,6406824246,Unknown Address,2020-02-19,Hannah,Female,47
126,Molly Taylor,molly.taylor5863@gmail.com,6232014783,"1053 Pine Ave, Clinton, TX 68089",2021-08-12,Diana,Female,30
139,Lauren Carter,unknown_139@domain.com,4815512288,"4022 Elm St, Riverside, CA 62936",2023-12-20,Carlos,Male,60
146,Victor Gutierrez,victor.gutierrez1405@mail.com,4625714046,"3047 Cedar Ln, Arlington, CA 78054",2022-03-24,Alice,Female,28
148,Unknown,edward.howard8553@aol.com,9195867476,"1563 Elm St, Centerville, CA 16340",2022-08-10,Carlos,Male,49
152,Henry Cook,henry.cook0662@gmail.com,8016777527,"8385 Main St, Fairview, FL 15318",2023-02-27,Elena,Female,49
163,Zoe Nelson,unknown_163@domain.com,2075733782,Unknown Address,2020-01-19,Bob,Female,34
173,Jacob Cook,jacob.cook6188@yahoo.com,4902794672,"7439 Cedar Ln, Apt 50, Arlington, NY 69934",2021-09-19,Alice,Female,63
174,Edward Morris,edward.morris8138@hotmail.com,7887794730,Unknown Address,2020-03-25,Hannah,Male,45
180,Nina Morgan,nina.morgan7085@aol.com,4423581706,"8009 Lakeview Dr, Madison, CA 82816",2021-05-08,Frank,Female,33
181, Connor Evans ,connor.evans2284@aol.com,9992825682," 2976 Sunset Blvd, Greenville, TX 92934 ",2021-06-17,Hannah,Male,60
184, Queen Ortiz ,unknown_184@domain.com,8128528016,Unknown Address,2023-07-24,Bob,Male,58
188, Penelope Edwards ,penelope.edwards3532@mail.com,8215791394," 7966 Sunset Blvd, Centerville, TX 71243 ",2022-10-09,Frank,Male,49
190,Alice Roberts,alice.roberts4282@protonmail.com,9212265125,"2015 Elm St, Riverside, TX 06336",2022-12-22,Elena,Female,58
191,Unknown,unknown_191@domain.com,6727315959," 7647 Oak St, Springfield, FL 66733 ",2022-07-05,Hannah,Male,53
202, Gavin Johnson ,gavin.johnson2677@yahoo.com,2992701615,"854 Oak St, Madison, FL 08125",2023-11-14,Diana,Female,38
209,Isabel Patel,isabel.patel3553@yahoo.com,6474559272,"6404 Cedar Ln, Apt 84, Centerville, NY 72705",2021-11-21,Diana,Female,32
212,Grace Smith,grace.smith7061@outlook.com,3467539178,"4740 Washington Blvd, Centerville, FL 95400",2023-08-24,George,Female,30
220,Hank Allen,hank.allen7679@mail.com,4389709296,"7221 Sunset Blvd, Centerville, TX 04408",2021-09-29,Hannah,Female,47
225,Peter Wright,peter.wright1970@aol.com,6858332243," 3228 Oak St, Georgetown, IL 53000 ",2022-06-08,Bob,Male,28
241,Ray Roberts,ray.roberts0657@aol.com,9888058433,"8611 Sunset Blvd, Riverside, CA 70948",2021-11-24,George,Female,28
242, George Long ,george.long1914@outlook.com,9779186178,"1899 Oak St, Greenville, CA 99827",2023-06-21,Carlos,Male,37
249, Jack Evans ,jack.evans8943@aol.com,3753332577,"3830 Maple Dr, Greenville, NY 22931",2021-05-08,George,Female,53
250,Paul Lee,paul.lee8086@aol.com,5276938686,"4264 Elm St, Centerville, FL 50602",2021-05-23,Alice,Female,30
263,Kevin Gutierrez,kevin.gutierrez0226@outlook.com,7734454458," 116 Sunset Blvd, Apt 80, Riverside, CA 44795 ",2021-01-13,Alice,Female,59
265, Jocelyn Ward ,unknown_265@domain.com,9463462058,"479 Sunset Blvd, Apt 88, Riverside, NY 34160",2021-11-16,Bob,Female,41
268, Sara Edwards ,sara.edwards6267@outlook.com,9423261048,Unknown Address,2023-10-18,Bob,Female,56
294,Holly Williams,holly.williams3105@gmail.com,6234147787,"9648 Elm St, Georgetown, TX 26529",2022-07-24,Bob,Male,59
300,Bob Reed,bob.reed3104@gmail.com,7705118273,"8742 Hillcrest Ave, Apt 59, Madison, FL 59803",2023-08-13,Frank,Female,51
302,Fiona Castillo,fiona.castillo4189@yahoo.com,9983529640,"2351 Pine Ave, Greenville, TX 33460",2021-05-29,Diana,Female,49
309,Tyler Patel,tyler.patel7552@aol.com,6516279825,"3048 Elm St, Centerville, CA 06451",2020-10-31,Carlos,Male,49
317,Ethan Ruiz,ethan.ruiz6117@aol.com,5564663943,"6409 Pine Ave, Apt 96, Clinton, CA 58384",2022-12-13,George,Female,50
318,Riley Evans,riley.evans8737@outlook.com,5638758721," 7582 Pine Ave, Riverside, FL 61556 ",2022-08-29,Diana,Female,52
325,Paul Martin,paul.martin7659@outlook.com,6563161161,"6547 Pine Ave, Apt 69, Greenville, CA 45167",2021-10-16,Frank,Male,24
326,Felix Diaz,felix.diaz0147@yahoo.com,3286946440,"1783 Main St, Greenville, CA 48855",2023-08-13,Alice,Female,39
342,Marcus Ortiz,marcus.ortiz0965@aol.com,7303539730,"2819 Cedar Ln, Springfield, IL 20827",2020-10-28,George,Female,61
345,Steven Brooks,steven.brooks9449@aol.com,5128328060,"5533 Maple Dr, Franklin, IL 38888",2023-02-02,Hannah,Female,64
347,Quincy Scott,quincy.scott1870@aol.com,9788814047,"1464 Washington Blvd, Madison, IL 21431",2020-11-15,Carlos,Male,50
351, Logan Williams ,logan.williams7256@yahoo.com,5378538403,"6637 Sunset Blvd, Apt 45, Fairview, IL 95433",2020-05-06,Carlos,Male,46
362,Fiona Campbell,fiona.campbell1596@protonmail.com,8405397503,"3457 Elm St, Centerville, FL 20462",2021-12-14,Bob,Female,44
363,Vanessa Martin,vanessa.martin9494@yahoo.com,8866442849,"3660 Oak St, Fairview, TX 92042",2020-01-02,Bob,Male,36
364,Robert Bailey,robert.bailey0683@gmail.com,4492484345,"6785 Pine Ave, Apt 62, Greenville, CA 85206",2021-12-29,Hannah,Female,49
365,Quinn Brown,quinn.brown8882@aol.com,3009634571,Unknown Address,2022-04-29,Bob,Female,55
368, Fiona Williams ,fiona.williams6277@mail.com,5845779259," 1805 Oak St, Apt 80, Arlington, CA 34026 ",2022-02-12,Bob,Male,44
372,Owen Rivera,owen.rivera8258@mail.com,7228572341,"2882 Hillcrest Ave, Georgetown, TX 72754",2022-03-09,Bob,Male,43
374,Edward Ramirez,edward.ramirez3553@yahoo.com,3888665143,"8042 Washington Blvd, Georgetown, IL 08658",2023-03-12,Frank,Female,27
375, Ray Lopez ,ray.lopez6714@outlook.com,9425474494," 6419 Main St, Apt 2, Clinton, NY 26862 ",2023-11-28,Alice,Female,36
377,Nina Edwards,unknown_377@domain.com,9522123300,"2396 Maple Dr, Apt 17, Springfield, TX 68711",2021-12-29,Hannah,Male,58
389,Stella Reed,stella.reed2269@gmail.com,3003757472,"9390 Elm St, Fairview, IL 28056",2020-04-18,Elena,Female,34
406,Frank Flores,frank.flores5512@hotmail.com,8397077961,"9652 Elm St, Fairview, NY 08880",2020-03-09,Elena,Female,46
421, Sara Kim ,sara.kim7183@protonmail.com,6783411827,Unknown Address,2020-08-26,Bob,Male,35
422, Steven Hughes ,steven.hughes6769@yahoo.com,7276287298,Unknown Address,2023-08-26,Hannah,Male,49
425, Mia Phillips ,mia.phillips1563@outlook.com,6052558437,"9246 Oak St, Greenville, CA 05879",2022-01-06,Frank,Male,26
434, Diana Johnson ,diana.johnson5152@yahoo.com,3822969298,"2546 Cedar Ln, Fairview, CA 55976",2021-02-20,George,Female,51
441, Natalie Morris ,natalie.morris5263@mail.com,2295349807,"6430 Pine Ave, Riverside, FL 70955",2020-04-15,Frank,Male,52
444,Uma Smith,uma.smith6548@yahoo.com,9288946464,"4377 Maple Dr, Arlington, FL 47500",2020-03-23,Alice,Female,53
446,Leo Rivera,leo.rivera1464@gmail.com,2316839136,"7087 Sunset Blvd, Franklin, NY 08193",2021-01-03,Bob,Male,26
449,Kelly Stewart,kelly.stewart4884@hotmail.com,8523324419,"4096 Sunset Blvd, Apt 28, Georgetown, CA 91665",2023-11-05,Elena,Female,45
452,Unknown,quentin.ramirez7039@protonmail.com,2795841951,"952 Oak St, Greenville, NY 78494",2021-05-24,Hannah,Male,100
453, Noah Garcia ,noah.garcia1031@mail.com,6068405327,"119 Elm St, Clinton, FL 43761",2021-12-16,Alice,Female,53
462,Jane Foster,jane.foster5592@gmail.com,8749965029,"2596 Hillcrest Ave, Clinton, TX 51313",2021-11-11,Alice,Female,58
463,Gloria Robinson,gloria.robinson3199@aol.com,6062317054,"2539 Pine Ave, Springfield, NY 22937",2021-03-17,Frank,Male,33
465,Jacob Roberts,jacob.roberts3303@protonmail.com,6945524151,"4347 Main St, Apt 65, Fairview, CA 96101",2021-06-04,Diana,Female,22
469, Robert Wood ,robert.wood7352@hotmail.com,8958565475,"323 Washington Blvd, Apt 33, Centerville, FL 56442",2020-08-07,Bob,Male,64
472,Lauren Bennett,lauren.bennett1242@gmail.com,4418028746,"524 Washington Blvd, Apt 27, Greenville, CA 06178",2022-11-27,Bob,Female,18
475, Quincy Miller ,quincy.miller8095@gmail.com,3847065231,"4582 Sunset Blvd, Arlington, CA 11080",2020-06-19,Hannah,Female,56
481,Natalie Harris,natalie.harris4829@gmail.com,6404639947,"9823 Hillcrest Ave, Fairview, CA 81782",2022-03-15,Bob,Male,47
483, Kara Stewart ,kara.stewart5264@hotmail.com,5219233855," 8742 Cedar Ln, Arlington, FL 21033 ",2022-10-04,George,Female,47
496,Dave Hughes,dave.hughes9205@aol.com,6253614724,"4679 Main St, Fairview, CA 24959",2023-03-08,George,Female,30
504, Caleb Stewart ,caleb.stewart8640@protonmail.com,5077875680,"4023 Cedar Ln, Franklin, IL 48202",2022-09-27,Frank,Male,45
509,Owen Lopez,owen.lopez2926@outlook.com,8928867248,"8982 Cedar Ln, Clinton, NY 15679",2023-01-03,Alice,Female,34
516,Hank Kim,hank.kim3872@outlook.com,4677082559,"9613 Pine Ave, Georgetown, FL 56568",2022-04-18,Bob,Female,41
521,Ian Peterson,ian.peterson9951@aol.com,5846785966,Unknown Address,2020-07-23,Carlos,Male,57
522, Isabel Morales ,isabel.morales4022@yahoo.com,2276678386,"3555 Pine Ave, Arlington, IL 26872",2021-10-28,Diana,Male,33
527,Unknown,vanessa.howard0804@aol.com,3034894779,"247 Sunset Blvd, Apt 71, Clinton, NY 99842",2023-03-10,Elena,Female,28
528,Delilah Jimenez,delilah.jimenez3104@yahoo.com,2206981353,"3341 Elm St, Centerville, FL 09224",2022-12-12,Hannah,Female,49
535, Liam White ,liam.white3375@aol.com,5217201427,Unknown Address,2023-01-28,Bob,Male,33
536,Steven Lee,steven.lee5997@gmail.com,8577177943," 9162 Pine Ave, Springfield, TX 55319 ",2023-09-10,George,Female,46
539,Brianna Ward,unknown_539@domain.com,6164722279,"6920 Main St, Apt 7, Greenville, NY 98202",2022-05-20,Hannah,Female,44
541,Unknown,yosef.rivera9982@protonmail.com,8864127816,Unknown Address,2021-12-26,Diana,Female,60
546,Mia Gray,mia.gray8114@outlook.com,4987121757,"5035 Pine Ave, Georgetown, IL 28179",2021-04-14,Elena,Female,26
552,Tyler Sanders,unknown_552@domain.com,4146641887,Unknown Address,2022-05-14,Alice,Female,39
555,Ximena Sanders,ximena.sanders0156@protonmail.com,3348355192,Unknown Address,2020-06-11,Bob,Male,31
561, Ethan Wood ,unknown_561@domain.com,7412282331,"6371 Lakeview Dr, Clinton, IL 30372",2023-10-18,Diana,Female,63
568,Zoe Cox,zoe.cox2351@aol.com,7955479446,"3963 Oak St, Riverside, NY 33707",2020-03-09,Hannah,Female,59
570,Olivia Gonzalez,olivia.gonzalez3541@mail.com,3732426544," 9222 Lakeview Dr, Apt 88, Greenville, IL 30575 ",2022-11-10,Frank,Male,29
574,Paul Mitchell,unknown_574@domain.com,7658248054,"5816 Elm St, Riverside, FL 42462",2021-04-17,Elena,Female,28
584, Riley Smith ,riley.smith4019@mail.com,2688841169," 5339 Elm St, Springfield, NY 28238 ",2023-05-13,Carlos,Male,47
590,Adrian Hall,adrian.hall7635@outlook.com,7713891350,"4898 Maple Dr, Apt 48, Riverside, CA 18244",2022-05-25,Frank,Male,41
606,Tyler Miller,unknown_606@domain.com,6202628337,"8428 Lakeview Dr, Apt 12, Madison, CA 30563",2021-01-12,Elena,Female,42
608,Unknown,violet.lopez1532@protonmail.com,4093864418,"2081 Sunset Blvd, Arlington, FL 24157",2020-04-17,George,Female,58
612,Amber Hughes,amber.hughes6012@hotmail.com,4139519072,"6706 Washington Blvd, Apt 20, Franklin, IL 88622",2021-08-25,Alice,Female,41
615,Isaac Ortiz,isaac.ortiz5143@hotmail.com,9048353960,"2698 Maple Dr, Greenville, FL 43260",2023-06-13,Frank,Female,35
620,Tina Lee,tina.lee4132@yahoo.com,9653913936,"9147 Elm St, Apt 29, Madison, NY 95170",2021-07-01,Frank,Female,37
639, Zoe Peterson ,unknown_639@domain.com,4646791051,"2388 Oak St, Centerville, IL 81168",2023-09-23,George,Female,58
640, Ophelia Cook ,ophelia.cook8688@protonmail.com,4202605958,"5335 Hillcrest Ave, Georgetown, CA 74793",2023-03-08,Elena,Female,62
642,Kara Nguyen,kara.nguyen4826@aol.com,5316254742,"4884 Oak St, Clinton, NY 33265",2023-10-20,Frank,Male,48
643, Sara Thomas ,sara.thomas2602@protonmail.com,5104313568,Unknown Address,2021-09-28,George,Female,38
655,Dave Chavez,dave.chavez3303@mail.com,4724918174,"8948 Main St, Greenville, CA 99604",2022-01-14,Frank,Male,46
673, Xander Jackson ,xander.jackson2921@protonmail.com,8567238271,"860 Hillcrest Ave, Arlington, NY 94778",2020-11-22,George,Female,62
675,Jasmine Morales,jasmine.morales9992@gmail.com,8388688032,"4066 Washington Blvd, Apt 49, Riverside, CA 13833",2023-08-06,Hannah,Male,22
676, Ophelia Murphy ,ophelia.murphy7034@yahoo.com,5147915636,"3653 Pine Ave, Apt 10, Arlington, TX 99483",2023-12-17,Hannah,Male,42
678,Edward Nelson,edward.nelson6597@hotmail.com,9346208857,Unknown Address,2022-10-12,Bob,Male,49
679,Quincy Anderson,quincy.anderson5196@outlook.com,9542203667,"4128 Oak St, Springfield, IL 42832",2022-02-07,Bob,Male,38
683,Unknown,rebecca.kim9534@outlook.com,4335393207," 9533 Main St, Apt 34, Georgetown, NY 29776 ",2022-07-01,Carlos,Male,59
698,Zoey Wood,zoey.wood2687@aol.com,5602197899,"7630 Elm St, Apt 67, Fairview, NY 04354",2020-12-30,Frank,Female,22
702,Steven Chavez,steven.chavez3059@yahoo.com,5687198819,"4002 Maple Dr, Riverside, FL 73688",2022-05-12,Diana,Female,49
706,Unknown,charlie.lopez8626@protonmail.com,5614683910,"6128 Main St, Centerville, IL 87491",2020-05-17,George,Female,47
711,Unknown,hank.reyes6670@yahoo.com,4568532137,"1880 Elm St, Apt 75, Centerville, TX 57430",2023-06-08,Bob,Male,26
722, Connor Myers ,connor.myers5773@gmail.com,8538989277,"9778 Oak St, Riverside, FL 13582",2022-03-12,Hannah,Female,60
725,Xander Wright,xander.wright7832@gmail.com,5172461886,"3266 Maple Dr, Georgetown, FL 99791",2022-10-20,Carlos,Male,59
729, Tom Scott ,tom.scott5509@outlook.com,2699253449,"6435 Maple Dr, Georgetown, NY 45687",2022-01-28,Frank,Female,36
738,Unknown,unknown_738@domain.com,9427808583," 460 Washington Blvd, Apt 86, Madison, CA 22517 ",2023-12-19,Hannah,Female,38
744,Yvonne Murphy,yvonne.murphy0765@yahoo.com,9999205563,"8335 Washington Blvd, Centerville, FL 96672",2021-10-07,Carlos,Male,31
745,Unknown,penelope.kim4854@hotmail.com,6384862312," 6577 Sunset Blvd, Apt 54, Springfield, TX 76014 ",2021-06-18,George,Female,38
751,Kevin Walker,kevin.walker1648@outlook.com,2138449834,"4948 Elm St, Apt 75, Centerville, TX 00672",2021-09-26,Elena,Female,23
756,Diana Clark,unknown_756@domain.com,5252471701,"2179 Sunset Blvd, Georgetown, FL 08344",2021-04-23,Frank,Female,44
758,Noah Clark,noah.clark7969@gmail.com,4854193676,"6686 Cedar Ln, Apt 59, Franklin, NY 76676",2021-11-05,Diana,Female,52
766,Henry Cooper,henry.cooper9448@protonmail.com,4454315753,"7738 Pine Ave, Apt 44, Springfield, IL 07180",2023-10-28,Bob,Female,24
773, Steven Gomez ,unknown_773@domain.com,3956833592,Unknown Address,2023-11-02,Hannah,Male,42
777, Liam Cook ,unknown_777@domain.com,5265591215," 7738 Lakeview Dr, Madison, FL 66209 ",2020-08-18,Elena,Female,63
786,Unknown,brianna.cooper1054@outlook.com,2007474740,Unknown Address,2022-03-18,Diana,Female,55
788,Unknown,kara.roberts3656@gmail.com,8583082879,Unknown Address,2021-06-12,George,Female,47
804,Unknown,emily.hill4879@yahoo.com,4074075684,Unknown Address,2020-09-21,Diana,Female,47
808,John Jimenez,unknown_808@domain.com,8043195296,"9411 Pine Ave, Georgetown, FL 72789",2023-03-29,Diana,Female,45
815,Amber Rogers,amber.rogers3951@protonmail.com,5239525390," 6227 Washington Blvd, Apt 60, Riverside, FL 26074 ",2022-05-06,Carlos,Male,64
818, Ethan Smith ,unknown_818@domain.com,9493964791,"3740 Elm St, Riverside, CA 33791",2020-01-10,Bob,Female,56
826,Ulysses Parker,ulysses.parker8869@hotmail.com,5743163911,"1901 Hillcrest Ave, Apt 94, Greenville, CA 51851",2020-10-20,Alice,Female,60
831,Riley Phillips,riley.phillips7572@mail.com,4185755743,"2340 Elm St, Apt 72, Franklin, FL 01302",2022-10-24,Alice,Female,34
832,Delilah Hughes,delilah.hughes0984@aol.com,6895393572,"1644 Hillcrest Ave, Apt 96, Franklin, IL 44304",2021-11-10,Hannah,Female,41
841, Uma Thomas ,uma.thomas9434@hotmail.com,9959879427,"7319 Sunset Blvd, Clinton, CA 54884",2023-10-27,Elena,Female,55
847,Violet Moore,violet.moore6898@hotmail.com,2327634617,"8972 Pine Ave, Fairview, IL 09353",2023-09-09,Elena,Female,58
849,Oscar Mendoza,oscar.mendoza7248@gmail.com,4905964505,"4658 Oak St, Apt 4, Franklin, TX 20664",2022-03-15,George,Female,47
851,Tina Campbell,unknown_851@domain.com,6183353495,"8788 Elm St, Apt 8, Arlington, CA 18523",2023-03-02,Carlos,Male,27
870,Noah Foster,noah.foster6189@outlook.com,2454182765,"1701 Pine Ave, Clinton, CA 89334",2023-04-29,Carlos,Male,45
873,Jane Taylor,jane.taylor2718@gmail.com,2285813527,"9729 Main St, Apt 87, Madison, CA 84604",2020-10-18,Carlos,Male,23
887,Logan Cox,unknown_887@domain.com,4973508444,"5743 Maple Dr, Apt 56, Franklin, CA 24315",2020-12-09,Bob,Male,26
888,Kevin Jones,kevin.jones3648@outlook.com,7845318947," 1792 Pine Ave, Arlington, CA 35149 ",2020-01-30,George,Female,27
893, Adrian Cooper ,adrian.cooper2558@gmail.com,5492682059," 3377 Maple Dr, Fairview, IL 32832 ",2020-04-14,George,Female,54
901, Frank Mendoza ,frank.mendoza1176@yahoo.com,8943322986,Unknown Address,2021-07-03,Bob,Male,32
904,Noah Wilson,noah.wilson7631@protonmail.com,6908251629," 151 Sunset Blvd, Apt 88, Riverside, CA 98899 ",2021-04-02,Frank,Female,64
908,Unknown,edward.stewart6309@aol.com,7044094748," 3053 Pine Ave, Georgetown, CA 99031 ",2022-07-14,Diana,Female,31
910,Xander Ramirez,xander.ramirez2859@hotmail.com,6084662196,"6693 Hillcrest Ave, Clinton, TX 08226",2023-01-08,Hannah,Male,44
924,Natalie Lopez,natalie.lopez4422@protonmail.com,8615971065,"5488 Washington Blvd, Greenville, TX 00757",2020-03-30,Frank,Female,45
937,Vanessa Murphy,vanessa.murphy4823@outlook.com,3557186902," 3417 Lakeview Dr, Centerville, NY 11132 ",2021-04-09,Hannah,Female,22
939,Beth Lewis,beth.lewis9102@protonmail.com,5413034322," 4612 Oak St, Arlington, CA 34864 ",2022-02-09,Alice,Male,43
947,Patrick Green,unknown_947@domain.com,7523257438,"1133 Maple Dr, Madison, IL 97043",2020-10-02,Carlos,Male,56
951,Noah Gomez,noah.gomez8833@protonmail.com,3146373739,"8832 Cedar Ln, Madison, NY 92466",2020-07-23,Diana,Female,40
955,Grace Patel,grace.patel4875@gmail.com,5872891936,"1932 Washington Blvd, Madison, NY 14108",2021-05-01,George,Female,46
956,Aaron Castillo,aaron.castillo1741@hotmail.com,6702546170," 6724 Washington Blvd, Apt 65, Arlington, FL 87823 ",2022-08-21,Frank,Female,63
957,Bob Wright,bob.wright0270@outlook.com,5026356252,"2932 Washington Blvd, Fairview, FL 58095",2023-04-01,Elena,Female,46
963, Amber Moore ,amber.moore6000@outlook.com,5436726999,"5637 Lakeview Dr, Riverside, FL 54617",2021-01-19,Carlos,Male,35
973, Brianna Peterson ,brianna.peterson3826@aol.com,2606335355," 7959 Elm St, Apt 48, Madison, CA 41538 ",2021-04-12,Bob,Female,23
974, Yosef Gonzalez ,unknown_974@domain.com,2803667624," 659 Main St, Apt 79, Franklin, CA 37766 ",2023-12-01,Elena,Male,35
987,Hank Smith,hank.smith6804@yahoo.com,9975301656,"1356 Cedar Ln, Greenville, NY 92071",2022-12-20,Carlos,Male,51
991,Samantha Kelly,samantha.kelly3185@gmail.com,7866888672,"4372 Washington Blvd, Madison, TX 62263",2022-06-22,Diana,Female,50
995,Lauren White,lauren.white5578@outlook.com,7277997939,"6097 Lakeview Dr, Fairview, NY 27969",2022-10-10,Elena,Female,48
1000,Yvonne Young,yvonne.young8635@gmail.com,3453876657,"4444 Maple Dr, Apt 20, Franklin, NY 11110",2021-07-05,Alice,Female,31
